data_name,method,mallows_dispersion,reference_ranking,consensus_accuracy,exposure_ratio,consensus_ranking,group_0,group_1,group_0_avg_exp,group_1_avg_exp
Mallows,KEMENY,0.0,a,0.6052631578947368,0.9399359872027783,[ 8  1 19 12  2 14 16 15  9  6 11  4 18  0  3 10  7 17 13  5],grp0-012345,grp1-678910111213141516171819,0.35847281379881607,0.3369414981233479
Mallows,EPIK,0.0,a,0.605263158,0.944306185,[ 8  1 19 12  2 14 16 15  9  6 11  3  4 18  0 10  7 17 13  5],grp0-012345,grp1-678910111213141516171819,0.357994849,0.33805675
Mallows,FAIRKEMENY,0.0,a,0.6052631578947368,0.8107814583190013,[ 1 19 12  2  8 14 16 15  9  6 11  4 18  0  3 10  7 13 17  5],grp0-012345,grp1-678910111213141516171819,0.32898038542257363,0.40575716433458026
Mallows,EPIRA+Kemeny,0.0,a,0.6052631578947368,0.9399359872027783,[ 8  1 19 12  2 14 16 15  9  6 11  4 18  0  3 10  7 17 13  5],grp0-012345,grp1-678910111213141516171819,0.35847281379881607,0.3369414981233479
Mallows,EPIRA+Copeland,0.0,a,0.593859649122807,0.904050618326759,[19 12  1  2  8 16 15 14 11  0  6  9  4  3 17 13  7 18 10  5],grp0-012345,grp1-678910111213141516171819,0.36244637064201923,0.3276698654892072
Mallows,EPIRA+Copeland_noWiG,0.0,a,0.5903508771929824,0.904050618326759,[19 12  1  2 16 15 14 11  6  0  9  8  4  3 17 13  7 18 10  5],grp0-012345,grp1-678910111213141516171819,0.36244637064201923,0.3276698654892072
Mallows,EPIRA+Schulze,0.0,a,0.5964912280701754,0.9732183117816909,[19  1 12  2  8 14 11 16  6  9 15  4  3 13  0  7 17 10 18  5],grp0-012345,grp1-678910111213141516171819,0.3548645808655139,0.3453607083010528
Mallows,EPIRA+Borda,0.0,a,0.5956140350877193,0.9200694585288984,[19  1  8 12 16  2 14 11 15  9  6  4 17  3  0 13 10  7 18  5],grp0-012345,grp1-678910111213141516171819,0.36066178666499604,0.331833894768928
Mallows,EPIRA+Maximin,0.0,a,0.5701754385964912,0.9189328071278117,[19  1  8  2  3 12 14  0  6  7  9 11 15 16 17 18  4  5 13 10],grp0-012345,grp1-678910111213141516171819,0.34293735759454436,0.37319089593331517
Mallows,RAPF,0.0,a,0.5578947368421052,0.7733147840323202,[ 1 19 13  2 15 16  4 17  6 12  5 11 18  9 14  8  0  7 10  3],grp0-012345,grp1-678910111213141516171819,0.32355948782861227,0.4184059253871568
Mallows,PRE-FE,0.0,a,0.6043859649122807,0.9096759674970702,[ 8  1 19 14 16 12  2 15  9  6 11  0  3  7  4 18 10 17 13  5],grp0-012345,grp1-678910111213141516171819,0.3618176683469468,0.3291368375110429
Mallows,KEMENY,0.0,b,0.6114035087719298,0.6288696344104314,[ 4  2  7 15 18  1  5  9  8 10 13  0  3 14 12 19 16  6 11 17],grp0-012345,grp1-678910111213141516171819,0.29906502988901323,0.4755596605795544
Mallows,EPIK,0.0,b,0.60877193,0.981703603,[ 7 15  2  5  4 18  8 10 13  1  9  0  3 19 14 16  6 12 11 17],grp0-012345,grp1-678910111213141516171819,0.350056179,0.356580314
Mallows,FAIRKEMENY,0.0,b,0.6043859649122807,0.9810133552897987,[ 7  2 15 18  5  9  8 10 13  4  1 14  3 12 19 16  6  0 11 17],grp0-012345,grp1-678910111213141516171819,0.35402997148176174,0.34730813019647483
Mallows,EPIRA+Kemeny,0.0,b,0.6087719298245614,0.9727806667095572,[ 7 15  4  2 18  1  5  9  8 10 13  0  3 14 12 19 16  6 11 17],grp0-012345,grp1-678910111213141516171819,0.34908311528173214,0.3588507946632103
Mallows,EPIRA+Copeland,0.0,b,0.6043859649122807,0.9611649688431325,[ 7 15  2  5  4 18  1  9 10 13  8  3 14 19  0  6 16 12 11 17],grp0-012345,grp1-678910111213141516171819,0.3477976806324946,0.36185014217809797
Mallows,EPIRA+Copeland_noWiG,0.0,b,0.6035087719298246,0.9611649688431325,[ 7 15  5  2  4 18  1  9 10 13  8  3 14 19  0  6 16 12 11 17],grp0-012345,grp1-678910111213141516171819,0.3477976806324946,0.36185014217809797
Mallows,EPIRA+Schulze,0.0,b,0.6043859649122807,0.981703603264572,[ 7 15  2  4  5 10 13 18  8  1  9  3  0 14 12 16 19  6 11 17],grp0-012345,grp1-678910111213141516171819,0.3500561786309412,0.356580313515056
Mallows,EPIRA+Borda,0.0,b,0.6026315789473684,0.9737595581593662,[ 7 15  2  5  4 18 10  1 13  8  9 14  3  0 19 12 16 11  6 17],grp0-012345,grp1-678910111213141516171819,0.34919046999877423,0.3586003003234454
Mallows,EPIRA+Maximin,0.0,b,0.5973684210526315,0.9387922669329464,[ 7 15  2  4  5  1  9 10 13 14 18  0  3  8 11 12 16 19  6 17],grp0-012345,grp1-678910111213141516171819,0.3452602957173601,0.36777070698007835
Mallows,RAPF,0.0,b,0.5184210526315789,0.9693779447466706,[ 7  2 10  1 11 19  0 16 15 14  3  6 17  9  8  4  5 18 13 12],grp0-012345,grp1-678910111213141516171819,0.34870877018627444,0.3597242665526119
Mallows,PRE-FE,0.0,b,0.6096491228070176,0.8370549734686628,[ 7  4  2 15  1 18  5  9  8 10 13  0  3 19 14 16  6 12 11 17],grp0-012345,grp1-678910111213141516171819,0.332590342737119,0.397333930600641
Mallows,KEMENY,0.0,c,0.6013157894736842,0.523901903319819,[ 2  5  3  0  6  1 18  9 15 17 14 13 12  8  4 11 19  7 16 10],grp0-012345,grp1-678910111213141516171819,0.27660392022647423,0.5279689164588122
Mallows,EPIK,0.0,c,0.594298246,0.908231608,[ 6 18  2  5  3  1  0 14 15 13  8  9 17 12  4 11 19  7 16 10],grp0-012345,grp1-678910111213141516171819,0.341657035,0.376178314
Mallows,FAIRKEMENY,0.0,c,0.5837719298245614,0.962095944616586,[18  6  2  5  7  3  9 14  0 15 13  8 17 12 11 19  1 16 10  4],grp0-012345,grp1-678910111213141516171819,0.35606228041521654,0.3425660760184135
Mallows,EPIRA+Kemeny,0.0,c,0.5969298245614035,0.9082316084180823,[ 6 18  2  5  3  0  1  9 15 17 14 13 12  8  4 11 19  7 16 10],grp0-012345,grp1-678910111213141516171819,0.3416570354410159,0.3761783142915484
Mallows,EPIRA+Copeland,0.0,c,0.5925438596491228,0.9169297548318388,[18  6  2  5  3  1  0 15  9 17 14 13  8  7 12 19 11  4 16 10],grp0-012345,grp1-678910111213141516171819,0.34269925591482747,0.3737464665193215
Mallows,EPIRA+Copeland_noWiG,0.0,c,0.5916666666666667,0.9169297548318388,[18  6  3  2  1  5  0 15  9 17 14 13  8  7 12 19 11  4 16 10],grp0-012345,grp1-678910111213141516171819,0.34269925591482747,0.3737464665193215
Mallows,EPIRA+Schulze,0.0,c,0.5837719298245614,0.9440260380176765,[ 6 18  2  3  1  5  7 14  9  0 17 12 13  8 15 19 11  4 16 10],grp0-012345,grp1-678910111213141516171819,0.3458612921302164,0.36636838201674715
Mallows,EPIRA+Borda,0.0,c,0.5890350877192982,0.9193525547622651,[18  6  2  3  5  1  0 15  9 17 14  7 13  8 12 19 10 11  4 16],grp0-012345,grp1-678910111213141516171819,0.34298716307246163,0.3730746831515082
Mallows,EPIRA+Maximin,0.0,c,0.5513157894736842,0.9440260380176765,[ 6 18  2  3  1  5  7 14 17  4  8  9 10 12 13 16 19  0 11 15],grp0-012345,grp1-678910111213141516171819,0.3458612921302164,0.36636838201674715
Mallows,RAPF,0.0,c,0.5513157894736842,0.7652399828145631,[ 3 14 18  2 15 11  0  9  8 17  5 16 13 12  7  1  4  6 19 10],grp0-012345,grp1-678910111213141516171819,0.3223466097270928,0.4212359742907023
Mallows,PRE-FE,0.0,c,0.6004385964912281,0.575930103405153,[ 2  1 18  5  3  9 14  0 15  6 13  8 17 19 12  7  4 11 16 10],grp0-012345,grp1-678910111213141516171819,0.2883237085493043,0.500622743705542
Mallows,KEMENY,0.0,d,0.6118421052631579,0.7910776357700645,[14 11  7  6 17  1  5  2 16 15 18  3  4 19  9  0 13 10 12  8],grp0-012345,grp1-678910111213141516171819,0.3755517680795491,0.2970906048016373
Mallows,EPIK,0.0,d,0.609210526,0.957229688,[14  1 11  6  7 17  5  2 16 15 18  3  4 19  9  8 10  0 13 12],grp0-012345,grp1-678910111213141516171819,0.356588844,0.341337428
Mallows,FAIRKEMENY,0.0,d,0.6118421052631579,0.7586290372468649,[14 11  6 16  7 17  1  5  2 15 18  3  4 19  9  0 10 13 12  8],grp0-012345,grp1-678910111213141516171819,0.37949299603983777,0.28789440622763046
Mallows,EPIRA+Kemeny,0.0,d,0.6092105263157894,0.9633324668873681,[14  1 11  7  6 17  5  2 16 15 18  3  4 19  9  0 13 10 12  8],grp0-012345,grp1-678910111213141516171819,0.35592872761787525,0.34287769921220984
Mallows,EPIRA+Copeland,0.0,d,0.6004385964912281,0.9441105628334716,[14  2 11  6 17  7  5 16 15  1  4 19 18  3  9 13  0 12 10  8],grp0-012345,grp1-678910111213141516171819,0.3580162165479826,0.3380068917086259
Mallows,EPIRA+Copeland_noWiG,0.0,d,0.5978070175438597,0.9441105628334716,[14  2  6 17  7 11  5 16 15  1  4 19 18  3  9 13  0 12 10  8],grp0-012345,grp1-678910111213141516171819,0.3580162165479826,0.3380068917086259
Mallows,EPIRA+Schulze,0.0,d,0.5969298245614035,0.9205552324199069,[14 11  1  5  6 15  7 16  4  9 17  2 13 18  3 10  0  8 12 19],grp0-012345,grp1-678910111213141516171819,0.3606079433707633,0.3319595291221376
Mallows,EPIRA+Borda,0.0,d,0.6021929824561404,0.9335095348698472,[14  1 11  6 17  7 15  5  2 16  4 18  9 13  3 19 10  0  8 12],grp0-012345,grp1-678910111213141516171819,0.3591779926346126,0.3352960808398226
Mallows,EPIRA+Maximin,0.0,d,0.5828947368421052,0.9764795062473585,[14 11  1  4  5  6 15 18  2  3  7  9 10 13 16 17  0  8 12 19],grp0-012345,grp1-678910111213141516171819,0.3494879805761127,0.3579061089763225
Mallows,RAPF,0.0,d,0.5074561403508772,0.7656343957937116,[ 4 11 19  2 18 16  0  6 12  9  3 15 10  1 14  7 17  8 13  5],grp0-012345,grp1-678910111213141516171819,0.32240623366849197,0.4210968517607709
Mallows,PRE-FE,0.0,d,0.6118421052631579,0.7910776357700645,[14 11  7  6 17  1  5  2 16 15 18  3  4 19  9  0 13 10 12  8],grp0-012345,grp1-678910111213141516171819,0.3755517680795491,0.2970906048016373
Mallows,KEMENY,0.0,e,0.6021929824561404,0.7538251402791779,[13  7  5 19 12  8 14  9 17  6 11  3 15 18  2 10  1 16  4  0],grp0-012345,grp1-678910111213141516171819,0.38008352136223916,0.28651651380869386
Mallows,EPIK,0.0,e,0.601315789,0.932792917,[ 5 13 19  7  8 12 14  9 17  6 11 15  3 18  2  1 10 16  4  0],grp0-012345,grp1-678910111213141516171819,0.344565703,0.369391423
Mallows,FAIRKEMENY,0.0,e,0.5916666666666667,0.8429927967277591,[ 5 13 19 14  7  3 12  8 17  6  2  0 11 15  9 18  1 10 16  4],grp0-012345,grp1-678910111213141516171819,0.3333855271051398,0.3954785004085927
Mallows,EPIRA+Kemeny,0.0,e,0.6021929824561404,0.9311055237930411,[ 5 13  7 19 12  8 14  9 17  6 11  3 15 18  2 10  1 16  4  0],grp0-012345,grp1-678910111213141516171819,0.34436923564795346,0.36984984714202723
Mallows,EPIRA+Copeland,0.0,e,0.5969298245614035,0.939911853713787,[ 5 19 13  7  8 14 12 17  9 11  6 18 15  2  3 10  1 16  4  0],grp0-012345,grp1-678910111213141516171819,0.34538924490634665,0.36746982553910984
Mallows,EPIRA+Copeland_noWiG,0.0,e,0.5942982456140351,0.939911853713787,[ 5 13  7  8 14 19 12 17  9 11  6 18 15  2  3 10  1 16  4  0],grp0-012345,grp1-678910111213141516171819,0.34538924490634665,0.36746982553910984
Mallows,EPIRA+Schulze,0.0,e,0.5978070175438597,0.9357711453469487,[ 5 13 19 12 14  6  7  8 17  9 11 15  3 18  2 10  1 16  4  0],grp0-012345,grp1-678910111213141516171819,0.34491127989010534,0.3685850772436729
Mallows,EPIRA+Borda,0.0,e,0.5942982456140351,0.9444433504521426,[ 5 13 19  7 14 12  8 17 15  6  9 18 11 10  2  3  4  0 16  1],grp0-012345,grp1-678910111213141516171819,0.345909015083826,0.3662570284583248
Mallows,EPIRA+Maximin,0.0,e,0.5820175438596491,0.9342987676315331,[ 5 13 19 12 14 15  6  7  8  9 10 18  1 11 17  0  2  3  4 16],grp0-012345,grp1-678910111213141516171819,0.3447406222623974,0.3689832783749914
Mallows,RAPF,0.0,e,0.5302631578947369,0.9699188076181355,[14  5  7  0 13 16  3  6  9  8  2 19 11  1 15 18 17 10 12  4],grp0-012345,grp1-678910111213141516171819,0.34876839412767363,0.3595851440226803
Mallows,PRE-FE,0.0,e,0.5978070175438597,0.8611030214315614,[19  5 13  7 12  8 14  9 17  3  2 15  6 11 18 10  1 16  4  0],grp0-012345,grp1-678910111213141516171819,0.3673192805684424,0.31629974232755315
Mallows,KEMENY,0.2,a,0.737280701754386,0.4999615720357184,[ 0  1  5  2  4  9  6  7  3 13  8 12 16 11 10 14 17 15 18 19],grp0-012345,grp1-678910111213141516171819,0.27076994767000995,0.5415815190905623
Mallows,EPIK,0.2,a,0.712719298,0.901704506,[ 9  6  0  1  5  2  7  4  8 13  3 12 16 11 10 14 17 15 18 19],grp0-012345,grp1-678910111213141516171819,0.340866001,0.378024062
Mallows,FAIRKEMENY,0.2,a,0.6592105263157895,0.783663561827661,[ 0  9  6  1  7 13  8 12 16  5  2 11  4 10 14 17 15 18 19  3],grp0-012345,grp1-678910111213141516171819,0.3250903048676396,0.41483401896275957
Mallows,EPIRA+Kemeny,0.2,a,0.7074561403508772,0.9473573022204071,[ 9  6  0  7  1  5  2  4  3 13  8 12 16 11 10 14 17 15 18 19],grp0-012345,grp1-678910111213141516171819,0.3462414415569932,0.3654813666876012
Mallows,EPIRA+Copeland,0.2,a,0.7039473684210527,0.9473573022204071,[ 9  6  0  7  1  5  2  4  3 13  8 16 12 11 10 17 14 15 18 19],grp0-012345,grp1-678910111213141516171819,0.3462414415569932,0.3654813666876012
Mallows,EPIRA+Copeland_noWiG,0.2,a,0.6916666666666667,0.9473573022204071,[ 9  6  5  7  4  0  1  2  3 13  8 16 12 11 10 17 14 15 18 19],grp0-012345,grp1-678910111213141516171819,0.3462414415569932,0.3654813666876012
Mallows,EPIRA+Schulze,0.2,a,0.7057017543859649,0.9473573022204071,[ 9  6  0  7  1  5  2  4  3  8 13 12 16 11 10 14 15 17 19 18],grp0-012345,grp1-678910111213141516171819,0.3462414415569932,0.3654813666876012
Mallows,EPIRA+Borda,0.2,a,0.7039473684210527,0.9473573022204071,[ 9  6  0  7  1  2  4  5  3  8 13 12 11 16 10 14 15 17 19 18],grp0-012345,grp1-678910111213141516171819,0.3462414415569932,0.3654813666876012
Mallows,EPIRA+Maximin,0.2,a,0.6864035087719298,0.9473573022204071,[ 6  7  0  8  1  2  5  3  4  9 13 15 10 11 12 14 16 17 18 19],grp0-012345,grp1-678910111213141516171819,0.3462414415569932,0.3654813666876012
Mallows,RAPF,0.2,a,0.5776315789473684,0.9748621984527991,[19  5  9  0 10  6  2 12 13  7  4  8 16 11 14  1 17 15  3 18],grp0-012345,grp1-678910111213141516171819,0.34931121685830097,0.3583185576512165
Mallows,PRE-FE,0.2,a,0.731140350877193,0.5783936143555184,[ 0  1  9  6  5  2  4  7  8  3 13 12 16 11 10 14 17 15 18 19],grp0-012345,grp1-678910111213141516171819,0.28884860531130496,0.49939798459420714
Mallows,KEMENY,0.2,b,0.7171052631578947,0.5664775028712707,[ 0  2  1  7  9  6  5 13 11  4  3 16  8 15 10 17 14 12 19 18],grp0-012345,grp1-678910111213141516171819,0.2862855373606931,0.5053784764789682
Mallows,EPIK,0.2,b,0.706578947,0.917370589,[ 7  9  0  1  2  5  6 13 11  4  3 16  8 15 10 17 12 14 19 18],grp0-012345,grp1-678910111213141516171819,0.342751718,0.373624054
Mallows,FAIRKEMENY,0.2,b,0.6864035087719298,0.9769537014112769,[ 6  0  7  9 11  2  1 13 16  8 10 17  5 12  4  3 15 14 19 18],grp0-012345,grp1-678910111213141516171819,0.35446414505394847,0.3462950585280387
Mallows,EPIRA+Kemeny,0.2,b,0.7083333333333334,0.9312456125455966,[ 7  9  0  2  1  6  5 13 11  4  3 16  8 15 10 17 14 12 19 18],grp0-012345,grp1-678910111213141516171819,0.3443855650938019,0.3698117451017143
Mallows,EPIRA+Copeland,0.2,b,0.7057017543859649,0.9102248476833603,[ 7  9  0  2  1  5 11  6  4 13  3 16  8 17 10 15 14 12 19 18],grp0-012345,grp1-678910111213141516171819,0.34189706344231746,0.37561824895517804
Mallows,EPIRA+Copeland_noWiG,0.2,b,0.6995614035087719,0.9102248476833603,[ 7  9  1  0  5  2 11  6  4 13  3 16  8 17 10 15 14 12 19 18],grp0-012345,grp1-678910111213141516171819,0.34189706344231746,0.37561824895517804
Mallows,EPIRA+Schulze,0.2,b,0.7057017543859649,0.9102248476833603,[ 7  9  0  2  5  1  6 11  4 13  3 17  8 10 16 15 14 12 19 18],grp0-012345,grp1-678910111213141516171819,0.34189706344231746,0.37561824895517804
Mallows,EPIRA+Borda,0.2,b,0.7048245614035088,0.9173705886097717,[ 7  9  0  2  1  5  6 11 13  3  4  8 17 10 16 15 14 12 19 18],grp0-012345,grp1-678910111213141516171819,0.34275171839560986,0.37362405406416244
Mallows,EPIRA+Maximin,0.2,b,0.6758771929824562,0.9621147308331375,[ 6  7  0  5  2  9  1 13 14 16  3  8 11 12 15 17  4 10 18 19],grp0-012345,grp1-678910111213141516171819,0.3479035907902131,0.3616030184767549
Mallows,RAPF,0.2,b,0.6030701754385965,0.7733855734194147,[ 5  7  8  0  9 17  2 14 16 12 11  6  1  3 18 19 13 15 10  4],grp0-012345,grp1-678910111213141516171819,0.3235700487123445,0.41838128332511476
Mallows,PRE-FE,0.2,b,0.7118421052631579,0.8355613769089628,[ 7  0  2  9  1 13  6 11  5  4  3 16  8 15 10 17 14 12 19 18],grp0-012345,grp1-678910111213141516171819,0.33238914667746533,0.39780338807316634
Mallows,KEMENY,0.2,c,0.7236842105263158,0.5301070962498441,[ 3  5  2  0  9  8  6  1 13  7 11  4 10 14 12 17 18 16 15 19],grp0-012345,grp1-678910111213141516171819,0.27806850279040096,0.5245515571429832
Mallows,EPIK,0.2,c,0.705263158,0.904238918,[ 8  9  3  5  2  0  6  7  1  4 11 10 12 13 14 17 18 16 15 19],grp0-012345,grp1-678910111213141516171819,0.341174072,0.377305229
Mallows,FAIRKEMENY,0.2,c,0.6745614035087719,0.8165593139990452,[ 3  7  9  8  6  2 11 13  5 10 12  0 15  1 14 16  4 17 18 19],grp0-012345,grp1-678910111213141516171819,0.32978732523901727,0.40387430476287833
Mallows,EPIRA+Kemeny,0.2,c,0.7087719298245614,0.9068295707865811,[ 9  8  3  5  2  0  6  1 13  7 11  4 10 14 12 17 18 16 15 19],grp0-012345,grp1-678910111213141516171819,0.34148777130675045,0.3765732639381676
Mallows,EPIRA+Copeland,0.2,c,0.7035087719298245,0.9092258769586057,[ 8  9  3  2  5  6  0  1  7  4 13 11 10 12 14 18 17 15 16 19],grp0-012345,grp1-678910111213141516171819,0.3417768557270448,0.3758987336241475
Mallows,EPIRA+Copeland_noWiG,0.2,c,0.6991228070175438,0.9092258769586057,[ 8  9  5  0  3  6  2  1  7  4 13 11 10 12 14 18 17 15 16 19],grp0-012345,grp1-678910111213141516171819,0.3417768557270448,0.3758987336241475
Mallows,EPIRA+Schulze,0.2,c,0.7026315789473684,0.9152567870675503,[ 8  7  3  2  5  9  0  1  6 13  4 11 10 12 14 16 15 18 17 19],grp0-012345,grp1-678910111213141516171819,0.34249984720324184,0.37421175351302116
Mallows,EPIRA+Borda,0.2,c,0.7043859649122807,0.9068295707865811,[ 8  6  3  2  0  5  9  1  7 11 13  4 10 12 15 14 16 18 17 19],grp0-012345,grp1-678910111213141516171819,0.34148777130675045,0.3765732639381676
Mallows,EPIRA+Maximin,0.2,c,0.6929824561403509,0.9473573022204071,[ 6  8  3  7  0  2  5  1  4  9 11 12 13 10 15 16 14 17 18 19],grp0-012345,grp1-678910111213141516171819,0.3462414415569932,0.3654813666876012
Mallows,RAPF,0.2,c,0.5850877192982457,0.9699188076181355,[15  4  9  3 12  6  5  7 10  8  2 13 11  0 19 14 16 17 18  1],grp0-012345,grp1-678910111213141516171819,0.34876839412767363,0.3595851440226803
Mallows,PRE-FE,0.2,c,0.7236842105263158,0.5301070962498441,[ 3  5  2  0  9  8  6  1 13  7 11  4 10 14 12 17 18 16 15 19],grp0-012345,grp1-678910111213141516171819,0.27806850279040096,0.5245515571429832
Mallows,KEMENY,0.2,d,0.6929824561403509,0.5846353877757319,[ 0  4  6  1 10  3 15  5  7  8  9 14 11 12 13  2 17 19 16 18],grp0-012345,grp1-678910111213141516171819,0.2901671045904775,0.496321486276138
Mallows,EPIK,0.2,d,0.68245614,0.918127339,[ 6  0  9 15  1  4 10  3  5  7  8 14 12 13  2 11 16 17 18 19],grp0-012345,grp1-678910111213141516171819,0.342841697,0.373414103
Mallows,FAIRKEMENY,0.2,d,0.6684210526315789,0.928903900173569,[ 6  9  0  4 15  7  8 10  1 14  3 11  5 12 13 16 17 19  2 18],grp0-012345,grp1-678910111213141516171819,0.3596850810241468,0.33411287459757616
Mallows,EPIRA+Kemeny,0.2,d,0.6833333333333333,0.9221258945750189,[ 6 10  0  4  1  3 15  5  7  8  9 14 11 12 13  2 17 19 16 18],grp0-012345,grp1-678910111213141516171819,0.3433154579002572,0.37230866188665196
Mallows,EPIRA+Copeland,0.2,d,0.6798245614035088,0.911407478501286,[15  6  0  4  1  3  5 10  9  8  7 14 12 13 11  2 17 16 19 18],grp0-012345,grp1-678910111213141516171819,0.3420391395754283,0.3752867379779194
Mallows,EPIRA+Copeland_noWiG,0.2,d,0.6754385964912281,0.911407478501286,[15  6  1  3  0  4  5 10  9  8  7 14 12 13 11  2 17 16 19 18],grp0-012345,grp1-678910111213141516171819,0.3420391395754283,0.3752867379779194
Mallows,EPIRA+Schulze,0.2,d,0.6798245614035088,0.9047121177290554,[ 6 10  0  4  1  3  5  9  8 15  7 14 12  2 13 11 17 16 19 18],grp0-012345,grp1-678910111213141516171819,0.3412314622403147,0.3771713184265177
Mallows,EPIRA+Borda,0.2,d,0.6807017543859649,0.9412410569104348,[ 9  6  4  0  1  3 15 10  8  7  5 14 12 13  2 11 17 16 19 18],grp0-012345,grp1-678910111213141516171819,0.34554206313260183,0.3671132496778478
Mallows,EPIRA+Maximin,0.2,d,0.6710526315789473,0.9173705886097717,[ 6  7  0  4  1  3  8  9 15  2  5 10 11 12 13 14 16 17 18 19],grp0-012345,grp1-678910111213141516171819,0.34275171839560986,0.37362405406416244
Mallows,RAPF,0.2,d,0.5824561403508772,0.7733147840323202,[ 4 12 13  0  8  9  5 10 14 19  3 15 18  6  7 16  1 17 11  2],grp0-012345,grp1-678910111213141516171819,0.32355948782861227,0.4184059253871568
Mallows,PRE-FE,0.2,d,0.6877192982456141,0.6687505435316066,[ 4  6  0 15 10  1  3  5  7  8  9 14 11 12 13  2 17 19 16 18],grp0-012345,grp1-678910111213141516171819,0.3064723173270144,0.458275989890885
Mallows,KEMENY,0.2,e,0.6837719298245614,0.5329512689328757,[ 0  5  8  4  3  2  1 11 13  6 10  7  9 12 15 16 17 14 19 18],grp0-012345,grp1-678910111213141516171819,0.2787334816144832,0.5229999398867914
Mallows,EPIK,0.2,e,0.678508772,0.915256787,[ 8 10  0  2  4 11  5  1  6 13  3  7  9 12 15 16 14 17 19 18],grp0-012345,grp1-678910111213141516171819,0.342499847,0.374211754
Mallows,FAIRKEMENY,0.2,e,0.6530701754385965,0.8080919534824503,[ 8 11  6 10  0 13  7  2  4  1  9 12  5  3 15 14 16 17 19 18],grp0-012345,grp1-678910111213141516171819,0.37351773686245454,0.3018366776415247
Mallows,EPIRA+Kemeny,0.2,e,0.6732456140350878,0.9473573022204071,[ 8 11  0 13  5  4  3  2  1  6 10  7  9 12 15 16 17 14 19 18],grp0-012345,grp1-678910111213141516171819,0.3462414415569932,0.3654813666876012
Mallows,EPIRA+Copeland,0.2,e,0.6714912280701755,0.9473573022204071,[ 8 11  0  6  4  2  5  3  1 13 10  7 12  9 15 16 17 14 19 18],grp0-012345,grp1-678910111213141516171819,0.3462414415569932,0.3654813666876012
Mallows,EPIRA+Copeland_noWiG,0.2,e,0.662719298245614,0.9473573022204071,[ 8 11  4  6  5  3  1  0  2 13 10  7 12  9 15 16 17 14 19 18],grp0-012345,grp1-678910111213141516171819,0.3462414415569932,0.3654813666876012
Mallows,EPIRA+Schulze,0.2,e,0.675,0.9203988206670547,[ 8 10  0  4 11  2  5  1  3  6 13  7  9 12 14 15 16 17 19 18],grp0-012345,grp1-678910111213141516171819,0.34311117363993243,0.3727853251607431
Mallows,EPIRA+Borda,0.2,e,0.6671052631578948,0.9473573022204071,[ 8 11  0  6  4  2  5  1  3 13 10  7 12  9 14 17 16 15 18 19],grp0-012345,grp1-678910111213141516171819,0.3462414415569932,0.3654813666876012
Mallows,EPIRA+Maximin,0.2,e,0.6635964912280702,0.9250799228948355,[ 8 10  0  4  2 11  3  5  6  7 12 13  1  9 14 17 15 16 18 19],grp0-012345,grp1-678910111213141516171819,0.3436636622470944,0.37149618507736504
Mallows,RAPF,0.2,e,0.5548245614035088,0.7656343957937116,[ 5  8 16  4  9  6  3 15 14 11  2 10 13  1 17 19 12  7 18  0],grp0-012345,grp1-678910111213141516171819,0.32240623366849197,0.4210968517607709
Mallows,PRE-FE,0.2,e,0.6793859649122806,0.6662680782955092,[ 0  8  2 11  4  6 10  7  5  3  1 13  9 12 15 16 17 14 19 18],grp0-012345,grp1-678910111213141516171819,0.30602698621828367,0.4593150958112567
Mallows,KEMENY,0.4,a,0.8359649122807018,0.48445808744976043,[ 2  0  1  3  4  5  6  8  7  9 12 11 10 13 14 16 15 18 17 19],grp0-012345,grp1-678910111213141516171819,0.2668287197097213,0.5507777176645691
Mallows,EPIK,0.4,a,0.765789474,0.901704506,[ 6  7  2  0  1  4 10  5 11  8  3  9 12 14 13 15 16 18 17 19],grp0-012345,grp1-678910111213141516171819,0.340866001,0.378024062
Mallows,FAIRKEMENY,0.4,a,0.6859649122807018,0.8930280229266807,[ 6  7  2  8  0  9 11 12 10 13  1  3  4 14  5 15 16 18 17 19],grp0-012345,grp1-678910111213141516171819,0.36368463854095195,0.32478057372503083
Mallows,EPIRA+Kemeny,0.4,a,0.7771929824561403,0.9473573022204071,[ 6  8  2  7  0  1  3  4  5  9 12 11 10 13 14 16 15 18 17 19],grp0-012345,grp1-678910111213141516171819,0.3462414415569932,0.3654813666876012
Mallows,EPIRA+Copeland,0.4,a,0.775438596491228,0.9473573022204071,[ 6  8  2  7  0  1  3  4  5  9 12 11 10 13 14 15 18 16 17 19],grp0-012345,grp1-678910111213141516171819,0.3462414415569932,0.3654813666876012
Mallows,EPIRA+Copeland_noWiG,0.4,a,0.7552631578947369,0.9473573022204071,[ 6  8  1  7  4  5  2  0  3  9 12 11 10 13 14 15 18 16 17 19],grp0-012345,grp1-678910111213141516171819,0.3462414415569932,0.3654813666876012
Mallows,EPIRA+Schulze,0.4,a,0.7771929824561403,0.9473573022204071,[ 6  7  2  8  0  1  3  4  5  9 11 12 10 13 14 15 16 17 18 19],grp0-012345,grp1-678910111213141516171819,0.3462414415569932,0.3654813666876012
Mallows,EPIRA+Borda,0.4,a,0.775438596491228,0.9473573022204071,[ 7  8  2  6  0  1  3  4  5  9 12 11 10 13 14 15 16 17 18 19],grp0-012345,grp1-678910111213141516171819,0.3462414415569932,0.3654813666876012
Mallows,EPIRA+Maximin,0.4,a,0.7614035087719299,0.9473573022204071,[ 6  7  2 13  0  1  3  5  4  8  9 10 11 12 14 15 16 17 18 19],grp0-012345,grp1-678910111213141516171819,0.3462414415569932,0.3654813666876012
Mallows,RAPF,0.4,a,0.6491228070175439,0.9511103166743132,[ 9  8  3  0 11  6  1 12 15 10  2 18  7  4 14 13  5 16 19 17],grp0-012345,grp1-678910111213141516171819,0.357253218106265,0.3397872214059672
Mallows,PRE-FE,0.4,a,0.7894736842105263,0.6739406121655924,[ 2  6  8  0  7  1  3  4  5  9 12 11 10 13 14 16 15 18 17 19],grp0-012345,grp1-678910111213141516171819,0.3073968879256467,0.45611865849407646
Mallows,KEMENY,0.4,b,0.8412280701754385,0.4958550844155456,[ 1  0  3  2  5  6  9  4 10  7  8 12 11 13 16 14 15 17 18 19],grp0-012345,grp1-678910111213141516171819,0.26973888473274227,0.5439873326108535
Mallows,EPIK,0.4,b,0.805263158,0.901704506,[ 6  9  1  0  3  2 10  5  7  8  4 12 11 13 16 14 15 17 18 19],grp0-012345,grp1-678910111213141516171819,0.340866001,0.378024062
Mallows,FAIRKEMENY,0.4,b,0.7254385964912281,0.8152633754350735,[ 6  9 10  7  0  8  1 12  3  2 11 13  5 16  4 14 15 17 18 19],grp0-012345,grp1-678910111213141516171819,0.37266699173832674,0.30382174959782293
Mallows,EPIRA+Kemeny,0.4,b,0.7964912280701755,0.9473573022204071,[ 6  9  1 10  0  3  2  5  4  7  8 12 11 13 16 14 15 17 18 19],grp0-012345,grp1-678910111213141516171819,0.3462414415569932,0.3654813666876012
Mallows,EPIRA+Copeland,0.4,b,0.7947368421052632,0.9473573022204071,[ 6  9  1 10  0  3  2  5  4  8  7 12 11 13 14 16 15 17 18 19],grp0-012345,grp1-678910111213141516171819,0.3462414415569932,0.3654813666876012
Mallows,EPIRA+Copeland_noWiG,0.4,b,0.7745614035087719,0.9473573022204071,[ 6  9  3 10  5  1  4  0  2  8  7 12 11 13 14 16 15 17 18 19],grp0-012345,grp1-678910111213141516171819,0.3462414415569932,0.3654813666876012
Mallows,EPIRA+Schulze,0.4,b,0.7973684210526316,0.9473573022204071,[ 6  9  0 10  1  3  2  5  4  7  8 12 11 13 14 16 15 17 18 19],grp0-012345,grp1-678910111213141516171819,0.3462414415569932,0.3654813666876012
Mallows,EPIRA+Borda,0.4,b,0.7956140350877193,0.9473573022204071,[ 6  9  0 10  1  3  2  5  4  8 12  7 11 13 14 16 15 17 18 19],grp0-012345,grp1-678910111213141516171819,0.3462414415569932,0.3654813666876012
Mallows,EPIRA+Maximin,0.4,b,0.787719298245614,0.9473573022204071,[ 6 10  0  7  1  3  2  5  4  8  9 11 12 13 14 15 16 17 18 19],grp0-012345,grp1-678910111213141516171819,0.3462414415569932,0.3654813666876012
Mallows,RAPF,0.4,b,0.6982456140350877,0.7599227425623191,[ 3  7  8  0  9 11  1 12  6 10  4 14 15  2 16 17  5 13 19 18],grp0-012345,grp1-678910111213141516171819,0.32153893239197917,0.4231205547393006
Mallows,PRE-FE,0.4,b,0.8192982456140351,0.7639783001048238,[ 6  1  0  3  9  2  5 10  7  8  4 12 11 13 16 14 15 17 18 19],grp0-012345,grp1-678910111213141516171819,0.3221556145847269,0.42168162962288935
Mallows,KEMENY,0.4,c,0.7942982456140351,0.5748165845459955,[ 1  6  0  5  3  2  4  7 11  9  8 12 10 14 13 15 17 16 18 19],grp0-012345,grp1-678910111213141516171819,0.2880856068695873,0.5011783142915484
Mallows,EPIK,0.4,c,0.779385965,0.90216613,[ 6  7  0  1  2  9  5  3  4  8 11 12 10 13 14 15 16 17 18 19],grp0-012345,grp1-678910111213141516171819,0.340922201,0.377892929
Mallows,FAIRKEMENY,0.4,c,0.7223684210526315,0.7943014670612578,[ 6  7 11  9  8  0 10  1  2  5 12  3 14  4 13 15 16 17 18 19],grp0-012345,grp1-678910111213141516171819,0.37516466548648264,0.2979938441854592
Mallows,EPIRA+Kemeny,0.4,c,0.7723684210526316,0.9473573022204071,[ 6  7  1 11  0  5  3  2  4  9  8 12 10 14 13 15 17 16 18 19],grp0-012345,grp1-678910111213141516171819,0.3462414415569932,0.3654813666876012
Mallows,EPIRA+Copeland,0.4,c,0.7741228070175439,0.9473573022204071,[ 6  7  0  9  1  2  5  3  4  8 12 11 10 14 13 15 17 16 18 19],grp0-012345,grp1-678910111213141516171819,0.3462414415569932,0.3654813666876012
Mallows,EPIRA+Copeland_noWiG,0.4,c,0.7583333333333333,0.9473573022204071,[ 6  7  2  9  5  3  4  1  0  8 12 11 10 14 13 15 17 16 18 19],grp0-012345,grp1-678910111213141516171819,0.3462414415569932,0.3654813666876012
Mallows,EPIRA+Schulze,0.4,c,0.7741228070175439,0.9473573022204071,[ 6  9  1  7  0  3  2  5  4 11  8 12 10 14 13 15 16 17 18 19],grp0-012345,grp1-678910111213141516171819,0.3462414415569932,0.3654813666876012
Mallows,EPIRA+Borda,0.4,c,0.775,0.9473573022204071,[ 6  7  0  9  2  1  5  3  4 11  8 12 10 14 13 15 16 17 19 18],grp0-012345,grp1-678910111213141516171819,0.3462414415569932,0.3654813666876012
Mallows,EPIRA+Maximin,0.4,c,0.7635964912280702,0.9276538744144474,[ 6  9  1  0  8  2  3  5 11  4  7 14 10 12 13 15 16 17 18 19],grp0-012345,grp1-678910111213141516171819,0.34396582859322483,0.37079113026972754
Mallows,RAPF,0.4,c,0.6381578947368421,0.9989141528969044,[ 8  2 14 12  5  6  1  7  9 10  3 13 11  0 18 19 15 16 17  4],grp0-012345,grp1-678910111213141516171819,0.3518986620447344,0.35228118554953847
Mallows,PRE-FE,0.4,c,0.7942982456140351,0.7151959294651047,[ 6  0  1  5  3  2  4  7 11  9  8 12 10 14 13 15 17 16 18 19],grp0-012345,grp1-678910111213141516171819,0.3144477673287689,0.439666606553458
Mallows,KEMENY,0.4,d,0.7175438596491228,0.4999615720357184,[ 0  1  3  5  4 10 11  7  2  6 13  8 14  9 12 18 16 15 17 19],grp0-012345,grp1-678910111213141516171819,0.27076994767000995,0.5415815190905623
Mallows,EPIK,0.4,d,0.7,0.906829571,[ 9 10  3  0  5  1 11  4  7  6 13  2  8 14 16 12 15 18 17 19],grp0-012345,grp1-678910111213141516171819,0.341487771,0.376573264
Mallows,FAIRKEMENY,0.4,d,0.6736842105263158,0.9601148632386862,[10  0 11  6  8  1  9  7 13  3 14  5 12  4  2 15 16 18 17 19],grp0-012345,grp1-678910111213141516171819,0.3562764596920721,0.34206632437241713
Mallows,EPIRA+Kemeny,0.4,d,0.6938596491228071,0.9473573022204071,[10 11  0  7  1  3  5  4  2  6 13  8 14  9 12 18 16 15 17 19],grp0-012345,grp1-678910111213141516171819,0.3462414415569932,0.3654813666876012
Mallows,EPIRA+Copeland,0.4,d,0.6912280701754386,0.9473573022204071,[10 11  1  7  0  5  3  4  2  6 13  8  9 14 12 18 16 15 17 19],grp0-012345,grp1-678910111213141516171819,0.3462414415569932,0.3654813666876012
Mallows,EPIRA+Copeland_noWiG,0.4,d,0.6859649122807018,0.9473573022204071,[10 11  5  7  1  4  0  2  3  6 13  8  9 14 12 18 16 15 17 19],grp0-012345,grp1-678910111213141516171819,0.3462414415569932,0.3654813666876012
Mallows,EPIRA+Schulze,0.4,d,0.6912280701754386,0.9473573022204071,[10 11  0  9  1  3  5  4  2  8  6  7 13 14 12 16 18 15 17 19],grp0-012345,grp1-678910111213141516171819,0.3462414415569932,0.3654813666876012
Mallows,EPIRA+Borda,0.4,d,0.6912280701754386,0.9473573022204071,[10 11  0  9  1  3  5  4  2  6  7  8 13 14 12 16 17 15 18 19],grp0-012345,grp1-678910111213141516171819,0.3462414415569932,0.3654813666876012
Mallows,EPIRA+Maximin,0.4,d,0.6833333333333333,0.9473573022204071,[ 8  9  0  6  1  3  5  2  4 10  7 11 13 12 14 16 15 17 18 19],grp0-012345,grp1-678910111213141516171819,0.3462414415569932,0.3654813666876012
Mallows,RAPF,0.4,d,0.5912280701754385,0.7715421917618643,[ 5 10 14  4 11  6  3  9 18  8  0 17 16 13  7 12  2 15  1 19],grp0-012345,grp1-678910111213141516171819,0.3232946332241261,0.41902391946429113
Mallows,PRE-FE,0.4,d,0.7157894736842105,0.520818695653592,[ 0  1  3  5 10 11  7  4  2  6 13  8 14  9 12 18 16 15 17 19],grp0-012345,grp1-678910111213141516171819,0.27586908555921086,0.5296835306824268
Mallows,KEMENY,0.4,e,0.7552631578947369,0.5449218309992875,[ 5  4  0  8  7  1  3  6 10  9  2 13 11 15 14 12 16 17 18 19],grp0-012345,grp1-678910111213141516171819,0.2814896544471121,0.5165688699439905
Mallows,EPIK,0.4,e,0.747368421,0.901704506,[ 8  7  5  4  0  1 10  3  9  6  2 13 11 14 15 12 16 17 18 19],grp0-012345,grp1-678910111213141516171819,0.340866001,0.378024062
Mallows,FAIRKEMENY,0.4,e,0.7035087719298245,0.8039921044932351,[ 7  9  8 10 11  4  5  0  6 13  1  3 12 15  2 14 16 17 18 19],grp0-012345,grp1-678910111213141516171819,0.37400584890128413,0.3006977495509223
Mallows,EPIRA+Kemeny,0.4,e,0.743859649122807,0.9152567870675503,[ 8  7  5  4  0  6  1  3 10  9  2 13 11 15 14 12 16 17 18 19],grp0-012345,grp1-678910111213141516171819,0.34249984720324184,0.37421175351302116
Mallows,EPIRA+Copeland,0.4,e,0.7447368421052631,0.9152567870675503,[ 8  7  4  5  0  9  1  3 10  6  2 13 11 15 14 12 16 17 18 19],grp0-012345,grp1-678910111213141516171819,0.34249984720324184,0.37421175351302116
Mallows,EPIRA+Copeland_noWiG,0.4,e,0.7359649122807017,0.9152567870675503,[ 8  7  0  1  4  9  3  5 10  6  2 13 11 15 14 12 16 17 18 19],grp0-012345,grp1-678910111213141516171819,0.34249984720324184,0.37421175351302116
Mallows,EPIRA+Schulze,0.4,e,0.743859649122807,0.9152567870675503,[ 7  8  4  5  0  9  3  1 10  6  2 11 13 12 15 14 16 17 18 19],grp0-012345,grp1-678910111213141516171819,0.34249984720324184,0.37421175351302116
Mallows,EPIRA+Borda,0.4,e,0.7447368421052631,0.9276538744144474,[ 7  8  4  5 10  0  1  3  9  2  6 11 13 12 15 14 16 17 18 19],grp0-012345,grp1-678910111213141516171819,0.34396582859322483,0.37079113026972754
Mallows,EPIRA+Maximin,0.4,e,0.7342105263157894,0.9173705886097717,[ 7  8  4  5  0  3  9 10 11  1  2  6 13 15 17 12 14 16 18 19],grp0-012345,grp1-678910111213141516171819,0.34275171839560986,0.37362405406416244
Mallows,RAPF,0.4,e,0.6070175438596491,0.7599227425623191,[ 5 10 15  0  7 13  1 12  9  6  3 14 18  4 16 17  2 19  8 11],grp0-012345,grp1-678910111213141516171819,0.32153893239197917,0.4231205547393006
Mallows,PRE-FE,0.4,e,0.75,0.7639783001048238,[ 8  5  4  0  7  1  3  9  6 10  2 13 11 15 14 12 16 17 18 19],grp0-012345,grp1-678910111213141516171819,0.3221556145847269,0.42168162962288935
Mallows,KEMENY,0.6,a,0.9021929824561403,0.48445808744976043,[ 0  2  1  4  5  3  6  7  9  8 10 11 12 15 13 14 16 17 18 19],grp0-012345,grp1-678910111213141516171819,0.2668287197097213,0.5507777176645691
Mallows,EPIK,0.6,a,0.848684211,0.90216613,[ 6  7  0  2  1  8  4  5  3  9 10 11 12 15 13 14 16 17 18 19],grp0-012345,grp1-678910111213141516171819,0.340922201,0.377892929
Mallows,FAIRKEMENY,0.6,a,0.7328947368421053,0.7667514426946362,[ 0  6  7  1  8  2  9 10 11 12 15 13 14  4  5 16 17 18  3 19],grp0-012345,grp1-678910111213141516171819,0.3225748856266087,0.420703330525165
Mallows,EPIRA+Kemeny,0.6,a,0.8364035087719298,0.9473573022204071,[ 6  7  0  9  2  1  4  5  3  8 10 11 12 15 13 14 16 17 18 19],grp0-012345,grp1-678910111213141516171819,0.3462414415569932,0.3654813666876012
Mallows,EPIRA+Copeland,0.6,a,0.8364035087719298,0.9473573022204071,[ 6  7  0  9  2  1  4  5  3  8 10 11 12 15 13 14 16 17 18 19],grp0-012345,grp1-678910111213141516171819,0.3462414415569932,0.3654813666876012
Mallows,EPIRA+Copeland_noWiG,0.6,a,0.8162280701754386,0.9473573022204071,[ 6  7  1  9  5  3  0  2  4  8 10 11 12 15 13 14 16 17 18 19],grp0-012345,grp1-678910111213141516171819,0.3462414415569932,0.3654813666876012
Mallows,EPIRA+Schulze,0.6,a,0.8390350877192982,0.9473573022204071,[ 6  7  0  8  2  1  4  5  3  9 10 11 12 15 13 14 16 17 18 19],grp0-012345,grp1-678910111213141516171819,0.3462414415569932,0.3654813666876012
Mallows,EPIRA+Borda,0.6,a,0.8381578947368421,0.9473573022204071,[ 6  7  0  8  2  1  4  3  5  9 10 11 12 15 13 14 16 17 18 19],grp0-012345,grp1-678910111213141516171819,0.3462414415569932,0.3654813666876012
Mallows,EPIRA+Maximin,0.6,a,0.8337719298245614,0.9473573022204071,[ 6  7  0  8  2  4  1  3  5  9 10 11 12 13 14 15 16 17 18 19],grp0-012345,grp1-678910111213141516171819,0.3462414415569932,0.3654813666876012
Mallows,RAPF,0.6,a,0.7223684210526315,0.9620923153188135,[ 6  2 10  0  9  7  1  8 11 12  5 13 16  3 17 15  4 19 14 18],grp0-012345,grp1-678910111213141516171819,0.34790109285116083,0.36160884700121015
Mallows,PRE-FE,0.6,a,0.8539473684210527,0.8888752910954261,[ 6  7  0  2  1  4  8  5  3  9 10 11 12 15 13 14 16 17 18 19],grp0-012345,grp1-678910111213141516171819,0.33928835407556035,0.38170523747761115
Mallows,KEMENY,0.6,b,0.8657894736842106,0.5335842707257644,[ 0  1  2  7  8  5  4  3  6 10  9 11 12 13 16 15 14 18 17 19],grp0-012345,grp1-678910111213141516171819,0.27888094508035505,0.5226558584664237
Mallows,EPIK,0.6,b,0.837719298,0.90216613,[ 7  8  2  0  1  6  5  4  3  9 10 11 12 13 15 16 14 18 17 19],grp0-012345,grp1-678910111213141516171819,0.340922201,0.377892929
Mallows,FAIRKEMENY,0.6,b,0.7403508771929824,0.8108525658776544,[ 0  7  8  6  1 10  9 11 12 13  2 14  5  4  3 15 16 18 17 19],grp0-012345,grp1-678910111213141516171819,0.3289903620850594,0.4057338854554468
Mallows,EPIRA+Kemeny,0.6,b,0.8324561403508772,0.9473573022204071,[ 7  8  0  6  1  2  5  4  3 10  9 11 12 13 16 15 14 18 17 19],grp0-012345,grp1-678910111213141516171819,0.3462414415569932,0.3654813666876012
Mallows,EPIRA+Copeland,0.6,b,0.8324561403508772,0.9473573022204071,[ 7  8  0  6  1  2  5  4  3 10  9 11 12 13 16 15 14 18 17 19],grp0-012345,grp1-678910111213141516171819,0.3462414415569932,0.3654813666876012
Mallows,EPIRA+Copeland_noWiG,0.6,b,0.8078947368421052,0.9473573022204071,[ 7  8  2  6  5  1  4  3  0 10  9 11 12 13 16 15 14 18 17 19],grp0-012345,grp1-678910111213141516171819,0.3462414415569932,0.3654813666876012
Mallows,EPIRA+Schulze,0.6,b,0.8324561403508772,0.9473573022204071,[ 7  8  0  6  1  2  5  4  3  9 10 11 12 13 14 16 15 18 17 19],grp0-012345,grp1-678910111213141516171819,0.3462414415569932,0.3654813666876012
Mallows,EPIRA+Borda,0.6,b,0.8324561403508772,0.9473573022204071,[ 7  8  0  6  1  2  5  4  3  9 10 11 12 13 14 16 15 18 17 19],grp0-012345,grp1-678910111213141516171819,0.3462414415569932,0.3654813666876012
Mallows,EPIRA+Maximin,0.6,b,0.8236842105263158,0.9473573022204071,[ 6  7  0  8  2  1  4  3  5  9 10 11 12 13 14 15 16 17 18 19],grp0-012345,grp1-678910111213141516171819,0.3462414415569932,0.3654813666876012
Mallows,RAPF,0.6,b,0.7192982456140351,0.9675194429500353,[ 7  2 10  0  6  8  1  9 11 12  5 15 18  4 13 16 14 17  3 19],grp0-012345,grp1-678910111213141516171819,0.3485035395231874,0.36020313809981475
Mallows,PRE-FE,0.6,b,0.8324561403508772,0.9473573022204071,[ 7  8  0  6  1  2  5  4  3 10  9 11 12 13 16 15 14 18 17 19],grp0-012345,grp1-678910111213141516171819,0.3462414415569932,0.3654813666876012
Mallows,KEMENY,0.6,c,0.8346491228070175,0.49082183651236866,[ 1  0  3  2  5  6  4  9  7  8 11 10 12 13 14 17 15 18 16 19],grp0-012345,grp1-678910111213141516171819,0.26846256640791333,0.546965408702121
Mallows,EPIK,0.6,c,0.805701754,0.927653874,[ 9  8  0  5  6  1  3  2  7  4 10 11 12 13 14 15 17 18 16 19],grp0-012345,grp1-678910111213141516171819,0.343965829,0.37079113
Mallows,FAIRKEMENY,0.6,c,0.7618421052631579,0.7858867953224642,[ 6  7  8  9 10 11  1  0  3  5  4 12 13  2 14 15 17 18 16 19],grp0-012345,grp1-678910111213141516171819,0.3761767413829739,0.2956323337603128
Mallows,EPIRA+Kemeny,0.6,c,0.8118421052631579,0.9473573022204071,[ 6  9  1  7  0  3  2  5  4  8 11 10 12 13 14 17 15 18 16 19],grp0-012345,grp1-678910111213141516171819,0.3462414415569932,0.3654813666876012
Mallows,EPIRA+Copeland,0.6,c,0.8100877192982456,0.9473573022204071,[ 6  8  1  7  3  5  0  4  2  9 11 10 12 13 14 17 15 18 16 19],grp0-012345,grp1-678910111213141516171819,0.3462414415569932,0.3654813666876012
Mallows,EPIRA+Copeland_noWiG,0.6,c,0.7995614035087719,0.9473573022204071,[ 6  8  5  7  4  1  2  3  0  9 11 10 12 13 14 17 15 18 16 19],grp0-012345,grp1-678910111213141516171819,0.3462414415569932,0.3654813666876012
Mallows,EPIRA+Schulze,0.6,c,0.8118421052631579,0.9473573022204071,[ 6  7  1  8  3  0  5  2  4  9 10 11 12 13 14 15 17 18 16 19],grp0-012345,grp1-678910111213141516171819,0.3462414415569932,0.3654813666876012
Mallows,EPIRA+Borda,0.6,c,0.8127192982456141,0.9473573022204071,[ 6  7  1  9  3  5  0  4  2  8 10 11 12 13 14 15 17 18 16 19],grp0-012345,grp1-678910111213141516171819,0.3462414415569932,0.3654813666876012
Mallows,EPIRA+Maximin,0.6,c,0.8074561403508772,0.9152567870675503,[ 6  7  1  3  0  8  4  5  9 10  2 11 12 13 14 15 16 17 18 19],grp0-012345,grp1-678910111213141516171819,0.34249984720324184,0.37421175351302116
Mallows,RAPF,0.6,c,0.7197368421052631,0.7638843693632437,[ 5  7  6  4 11 10  0  8 12  9  1 13 14  3 17 18 15 16  2 19],grp0-012345,grp1-678910111213141516171819,0.32214137906400575,0.4217148458379052
Mallows,PRE-FE,0.6,c,0.8118421052631579,0.8829950737925226,[ 9  1  6  0  7  8  3  2  5  4 11 10 12 13 14 17 15 18 16 19],grp0-012345,grp1-678910111213141516171819,0.33855493129840936,0.3834165572909636
Mallows,KEMENY,0.6,d,0.7583333333333333,0.6097090954566017,[ 1  3  8  0  9 11  6  5  7 12  2 14 10 13  4 15 16 17 18 19],grp0-012345,grp1-678910111213141516171819,0.2953038748458431,0.4843356890136182
Mallows,EPIK,0.6,d,0.749561404,0.944986136,[ 8  6  1  3  0  9 12  5  2 11  7 14  4 10 13 15 16 17 18 19],grp0-012345,grp1-678910111213141516171819,0.345971044,0.366112295
Mallows,FAIRKEMENY,0.6,d,0.7416666666666667,0.9353569138823677,[ 8  9  1  3 11  6  0  7 12 14 10 13 15  2  5  4 16 17 18 19],grp0-012345,grp1-678910111213141516171819,0.35897499454205317,0.33576974305579466
Mallows,EPIRA+Kemeny,0.6,d,0.7513157894736842,0.9670555559084709,[ 8  9  1  3  0 11  6  5  7 12  2 14 10 13  4 15 16 17 18 19],grp0-012345,grp1-678910111213141516171819,0.3484522281556228,0.36032286462413216
Mallows,EPIRA+Copeland,0.6,d,0.7460526315789474,0.9764365514720794,[ 8  9  3  1  0 12 11  6  2  7  5 14 13 10  4 15 16 17 18 19],grp0-012345,grp1-678910111213141516171819,0.3494832910928905,0.357917051103841
Mallows,EPIRA+Copeland_noWiG,0.6,d,0.7460526315789474,0.9764365514720794,[ 8  9  3  0  1 12 11  6  2  7  5 14 13 10  4 15 16 17 18 19],grp0-012345,grp1-678910111213141516171819,0.3494832910928905,0.357917051103841
Mallows,EPIRA+Schulze,0.6,d,0.750438596491228,0.9272247650433117,[ 8  9  1  3  0  5 11  6  7  2 12 14  4 10 13 15 16 17 18 19],grp0-012345,grp1-678910111213141516171819,0.3439155334394624,0.37090848562850637
Mallows,EPIRA+Borda,0.6,d,0.7469298245614036,0.9633193130467934,[ 8  9  1  3  0  6 12 11  5  7  2  4 10 13 14 15 17 16 18 19],grp0-012345,grp1-678910111213141516171819,0.34803770863379624,0.3612900768417276
Mallows,EPIRA+Maximin,0.6,d,0.743421052631579,0.9042389176805324,[ 8  6  1  0  3  5  7  9  2  4 10 12 11 13 14 15 16 17 18 19],grp0-012345,grp1-678910111213141516171819,0.34117407196612043,0.37730522906630437
Mallows,RAPF,0.6,d,0.7039473684210527,0.7599227425623191,[ 3  8 12  4 11  6  0  7  9 10  1 14 15  2 13 17  5 18 19 16],grp0-012345,grp1-678910111213141516171819,0.32153893239197917,0.4231205547393006
Mallows,PRE-FE,0.6,d,0.7548245614035087,0.8393895818899717,[ 8  1  3  0  9 11  6  7 12  5  2 14 10 13  4 15 16 17 18 19],grp0-012345,grp1-678910111213141516171819,0.33290387845068886,0.3966023472689781
Mallows,KEMENY,0.6,e,0.8004385964912281,0.8458012403111865,[ 7  5  6  4  9  0  1  2  3 10 11  8 12 13 15 14 16 17 18 19],grp0-012345,grp1-678910111213141516171819,0.3337590483848283,0.394606950755986
Mallows,EPIK,0.6,e,0.799561404,0.920398821,[ 7  6  5  4  9  0  1  2  3 10 11  8 12 13 14 15 16 17 18 19],grp0-012345,grp1-678910111213141516171819,0.343111174,0.372785325
Mallows,FAIRKEMENY,0.6,e,0.7714912280701754,0.8030153983689666,[ 7  6  9 10 11  0  5  4  8 12  1 13  2  3 14 15 16 17 18 19],grp0-012345,grp1-678910111213141516171819,0.37412231994273487,0.3004259837875372
Mallows,EPIRA+Kemeny,0.6,e,0.7995614035087719,0.9203988206670547,[ 7  6  5  4  9  0  1  2  3 10 11  8 12 13 15 14 16 17 18 19],grp0-012345,grp1-678910111213141516171819,0.34311117363993243,0.3727853251607431
Mallows,EPIRA+Copeland,0.6,e,0.7978070175438596,0.9549060419236121,[ 7  6  5  9  0  4  1  2 10  3 11  8 12 13 15 14 16 17 18 19],grp0-012345,grp1-678910111213141516171819,0.3470960965102856,0.3634871717965857
Mallows,EPIRA+Copeland_noWiG,0.6,e,0.7978070175438596,0.9549060419236121,[ 7  6  5  9  0  4  1  2 10  3 11  8 12 13 15 14 16 17 18 19],grp0-012345,grp1-678910111213141516171819,0.3470960965102856,0.3634871717965857
Mallows,EPIRA+Schulze,0.6,e,0.7995614035087719,0.9203988206670547,[ 7  6  5  4  9  0  1  2  3 10 11  8 12 13 15 14 16 17 18 19],grp0-012345,grp1-678910111213141516171819,0.34311117363993243,0.3727853251607431
Mallows,EPIRA+Borda,0.6,e,0.7942982456140351,0.9092258769586057,[ 7  6  5  4  0  9  2  1 10  3 11  8 12 13 15 14 16 17 18 19],grp0-012345,grp1-678910111213141516171819,0.3417768557270448,0.3758987336241475
Mallows,EPIRA+Maximin,0.6,e,0.7872807017543859,0.9286651872372776,[ 7  6  4  2  5  9 10  0  1  3 12  8 11 13 15 14 16 17 18 19],grp0-012345,grp1-678910111213141516171819,0.3440842369891414,0.3705148440125887
Mallows,RAPF,0.6,e,0.7416666666666667,0.7599227425623191,[ 4  7  6  0  9 11  2 10 15  8  5 12 13  3 14 16  1 18 17 19],grp0-012345,grp1-678910111213141516171819,0.32153893239197917,0.4231205547393006
Mallows,PRE-FE,0.6,e,0.7995614035087719,0.9203988206670547,[ 7  6  5  4  9  0  1  2  3 10 11  8 12 13 15 14 16 17 18 19],grp0-012345,grp1-678910111213141516171819,0.34311117363993243,0.3727853251607431
Mallows,KEMENY,0.8,a,0.9302631578947368,0.48445808744976043,[ 0  2  1  3  4  5  6  7  8  9 11 10 12 13 14 15 17 16 18 19],grp0-012345,grp1-678910111213141516171819,0.2668287197097213,0.5507777176645691
Mallows,EPIK,0.8,a,0.843421053,0.917843151,[ 6  8  0  2  3  7  1 11  5  4  9 10 12 13 14 15 17 16 18 19],grp0-012345,grp1-678910111213141516171819,0.342807919,0.37349292
Mallows,FAIRKEMENY,0.8,a,0.7425438596491228,0.8086767949724113,[ 6  7  8  9 11  0  2  1  3 10 12 13 14  4  5 15 16 17 18 19],grp0-012345,grp1-678910111213141516171819,0.3734482117301879,0.3019989029501468
Mallows,EPIRA+Kemeny,0.8,a,0.8504385964912281,0.9473573022204071,[ 6  7  0  8  2  1  3  4  5  9 11 10 12 13 14 15 17 16 18 19],grp0-012345,grp1-678910111213141516171819,0.3462414415569932,0.3654813666876012
Mallows,EPIRA+Copeland,0.8,a,0.8504385964912281,0.9473573022204071,[ 6  7  0  8  2  1  3  4  5  9 11 10 12 13 14 15 17 16 18 19],grp0-012345,grp1-678910111213141516171819,0.3462414415569932,0.3654813666876012
Mallows,EPIRA+Copeland_noWiG,0.8,a,0.8258771929824561,0.9473573022204071,[ 6  7  1  8  4  5  0  2  3  9 11 10 12 13 14 15 17 16 18 19],grp0-012345,grp1-678910111213141516171819,0.3462414415569932,0.3654813666876012
Mallows,EPIRA+Schulze,0.8,a,0.8504385964912281,0.9473573022204071,[ 6  7  0  8  1  2  3  4  5  9 10 11 12 13 14 15 17 16 18 19],grp0-012345,grp1-678910111213141516171819,0.3462414415569932,0.3654813666876012
Mallows,EPIRA+Borda,0.8,a,0.849561403508772,0.9473573022204071,[ 6  7  0  8  1  2  3  5  4  9 10 11 12 13 14 15 17 16 18 19],grp0-012345,grp1-678910111213141516171819,0.3462414415569932,0.3654813666876012
Mallows,EPIRA+Maximin,0.8,a,0.849561403508772,0.9473573022204071,[ 6  7  0  8  1  2  3  5  4  9 10 11 12 13 14 15 16 17 18 19],grp0-012345,grp1-678910111213141516171819,0.3462414415569932,0.3654813666876012
Mallows,RAPF,0.8,a,0.7557017543859649,0.7599227425623191,[ 0  6  7  2  8  9  1 10 13 11  4 12 15  3 14 17  5 19 16 18],grp0-012345,grp1-678910111213141516171819,0.32153893239197917,0.4231205547393006
Mallows,PRE-FE,0.8,a,0.8504385964912281,0.9473573022204071,[ 6  7  0  8  2  1  3  4  5  9 11 10 12 13 14 15 17 16 18 19],grp0-012345,grp1-678910111213141516171819,0.3462414415569932,0.3654813666876012
Mallows,KEMENY,0.8,b,0.8978070175438596,0.49082183651236866,[ 0  1  3  4  2  6  5  7  8  9 10 11 12 13 14 16 15 17 19 18],grp0-012345,grp1-678910111213141516171819,0.26846256640791333,0.546965408702121
Mallows,EPIK,0.8,b,0.858333333,0.920398821,[ 6  8  0  1  7  3  5  4  2  9 10 11 12 13 14 16 15 17 18 19],grp0-012345,grp1-678910111213141516171819,0.343111174,0.372785325
Mallows,FAIRKEMENY,0.8,b,0.7653508771929824,0.8270650387593632,[ 0  6  7  8  9 10  1 11  3 12 13 14  4  2  5 15 16 17 18 19],grp0-012345,grp1-678910111213141516171819,0.33123553521994203,0.4004951481407206
Mallows,EPIRA+Kemeny,0.8,b,0.8583333333333333,0.9473573022204071,[ 6  7  0  8  1  3  4  2  5  9 10 11 12 13 14 16 15 17 19 18],grp0-012345,grp1-678910111213141516171819,0.3462414415569932,0.3654813666876012
Mallows,EPIRA+Copeland,0.8,b,0.8574561403508771,0.9473573022204071,[ 6  7  0  8  1  3  2  4  5  9 10 11 12 13 14 16 15 17 19 18],grp0-012345,grp1-678910111213141516171819,0.3462414415569932,0.3654813666876012
Mallows,EPIRA+Copeland_noWiG,0.8,b,0.8407894736842105,0.9473573022204071,[ 6  7  3  8  4  0  5  1  2  9 10 11 12 13 14 16 15 17 19 18],grp0-012345,grp1-678910111213141516171819,0.3462414415569932,0.3654813666876012
Mallows,EPIRA+Schulze,0.8,b,0.8574561403508771,0.9473573022204071,[ 6  7  0  8  1  3  2  4  5  9 10 11 12 13 14 16 15 17 18 19],grp0-012345,grp1-678910111213141516171819,0.3462414415569932,0.3654813666876012
Mallows,EPIRA+Borda,0.8,b,0.8574561403508771,0.9473573022204071,[ 6  7  0  8  1  3  2  4  5  9 10 11 12 13 14 16 15 17 18 19],grp0-012345,grp1-678910111213141516171819,0.3462414415569932,0.3654813666876012
Mallows,EPIRA+Maximin,0.8,b,0.855701754385965,0.9473573022204071,[ 6  7  0  8  2  1  3  4  5  9 10 11 12 13 14 15 16 17 18 19],grp0-012345,grp1-678910111213141516171819,0.3462414415569932,0.3654813666876012
Mallows,RAPF,0.8,b,0.7302631578947368,0.7599227425623191,[ 0  9 10  3  6  7  1 13 11 14  5 12 15  4  8 16  2 17 19 18],grp0-012345,grp1-678910111213141516171819,0.32153893239197917,0.4231205547393006
Mallows,PRE-FE,0.8,b,0.868859649122807,0.8888752910954261,[ 6  7  0  1  2  3  8  5  4  9 10 11 12 13 14 16 15 17 19 18],grp0-012345,grp1-678910111213141516171819,0.33928835407556035,0.38170523747761115
Mallows,KEMENY,0.8,c,0.8583333333333333,0.6042949471066649,[ 0  8  5  1  9  2  3  6  4  7 10 11 12 14 13 15 16 17 18 19],grp0-012345,grp1-678910111213141516171819,0.2942158076960559,0.4868745123631217
Mallows,EPIK,0.8,c,0.847807018,0.920398821,[ 8  6  0  5  9  1  2  3  4  7 10 11 12 14 13 15 16 17 18 19],grp0-012345,grp1-678910111213141516171819,0.343111174,0.372785325
Mallows,FAIRKEMENY,0.8,c,0.7846491228070176,0.7846948277193201,[ 8  6  9  7 10 11  0  5  1  2 12  3  4 14 13 15 16 17 18 19],grp0-012345,grp1-678910111213141516171819,0.3763205471684334,0.2952967869275741
Mallows,EPIRA+Kemeny,0.8,c,0.843421052631579,0.9473573022204071,[ 8  9  0  6  5  1  2  3  4  7 10 11 12 14 13 15 16 17 18 19],grp0-012345,grp1-678910111213141516171819,0.3462414415569932,0.3654813666876012
Mallows,EPIRA+Copeland,0.8,c,0.8442982456140351,0.9203988206670547,[ 8  9  0  1  6  5  2  3  4  7 10 11 12 14 13 15 16 17 18 19],grp0-012345,grp1-678910111213141516171819,0.34311117363993243,0.3727853251607431
Mallows,EPIRA+Copeland_noWiG,0.8,c,0.8381578947368421,0.9203988206670547,[ 8  9  1  5  6  0  2  3  4  7 10 11 12 14 13 15 16 17 18 19],grp0-012345,grp1-678910111213141516171819,0.34311117363993243,0.3727853251607431
Mallows,EPIRA+Schulze,0.8,c,0.843421052631579,0.9473573022204071,[ 8  6  0  9  1  3  4  5  2  7 10 11 12 14 13 15 16 17 18 19],grp0-012345,grp1-678910111213141516171819,0.3462414415569932,0.3654813666876012
Mallows,EPIRA+Borda,0.8,c,0.843421052631579,0.9473573022204071,[ 8  6  0  9  1  5  2  4  3  7 10 11 12 14 13 15 16 17 18 19],grp0-012345,grp1-678910111213141516171819,0.3462414415569932,0.3654813666876012
Mallows,EPIRA+Maximin,0.8,c,0.831140350877193,0.9473573022204071,[ 8  6  0  7  1  2  3  4  5  9 10 11 12 13 14 15 16 17 18 19],grp0-012345,grp1-678910111213141516171819,0.3462414415569932,0.3654813666876012
Mallows,RAPF,0.8,c,0.7276315789473684,0.7599227425623191,[ 0  8  9  4 12  7  2  6 11 13  3 14 10  5 15 16  1 17 19 18],grp0-012345,grp1-678910111213141516171819,0.32153893239197917,0.4231205547393006
Mallows,PRE-FE,0.8,c,0.849561403508772,0.85227415141143,[ 8  0  6  5  9  1  2  3  7  4 10 11 12 14 13 15 16 17 18 19],grp0-012345,grp1-678910111213141516171819,0.3346137033381207,0.3926127558649705
Mallows,KEMENY,0.8,d,0.8280701754385965,0.6814479963961109,[ 1  0  9  6  7  8 12 11  2 10  3 14  5 15 13  4 16 17 18 19],grp0-012345,grp1-678910111213141516171819,0.3087189721343946,0.4530337953403314
Mallows,EPIK,0.8,d,0.823684211,0.912130498,[ 6  0  1  7  9  8  2 12 11 10  3 14  5 13 15  4 16 17 18 19],grp0-012345,grp1-678910111213141516171819,0.342125877,0.375084352
Mallows,FAIRKEMENY,0.8,d,0.8201754385964912,0.7895179432888231,[ 0  6  7  1  8  9 11 12 10  2 13 14  3 15  5  4 16 17 18 19],grp0-012345,grp1-678910111213141516171819,0.3259447800269152,0.4128402435911167
Mallows,EPIRA+Kemeny,0.8,d,0.8254385964912281,0.9316549294497785,[ 9  1  0  6  7  8 12 11  2 10  3 14  5 15 13  4 16 17 18 19],grp0-012345,grp1-678910111213141516171819,0.3444332578486803,0.3697004620069981
Mallows,EPIRA+Copeland,0.8,d,0.8236842105263158,0.9228605307040257,[ 6  1  0  7  9  8 12  2 11 10  3 14  5 15 13  4 16 17 18 19],grp0-012345,grp1-678910111213141516171819,0.3434021949114126,0.37210627552728925
Mallows,EPIRA+Copeland_noWiG,0.8,d,0.8236842105263158,0.9228605307040257,[ 6  0  1  7  9  8 12  2 11 10  3 14  5 15 13  4 16 17 18 19],grp0-012345,grp1-678910111213141516171819,0.3434021949114126,0.37210627552728925
Mallows,EPIRA+Schulze,0.8,d,0.8236842105263158,0.9076248961805615,[ 9  0  1  6  7  8  2 11 12 10  5  3 14 13 15  4 16 17 18 19],grp0-012345,grp1-678910111213141516171819,0.3415838323444319,0.376349121516911
Mallows,EPIRA+Borda,0.8,d,0.8175438596491228,0.9044669097799474,[ 9  1  0  8  7  6  2 12 11 10  5  3 14 13  4 15 16 17 18 19],grp0-012345,grp1-678910111213141516171819,0.34120172821001943,0.37724069783054004
Mallows,EPIRA+Maximin,0.8,d,0.7903508771929825,0.968664477944347,[ 7  9  0  1  6  8  5  2  4 11  3 10 12 13 14 15 16 17 18 19],grp0-012345,grp1-678910111213141516171819,0.3486300480297105,0.35990795158459443
Mallows,RAPF,0.8,d,0.7701754385964912,0.7599227425623191,[ 1  6  7  2  8  9  3 10 14 15  0 11 12  5 13 16  4 17 18 19],grp0-012345,grp1-678910111213141516171819,0.32153893239197917,0.4231205547393006
Mallows,PRE-FE,0.8,d,0.8192982456140351,0.9092309468587373,[ 9  6  1  7  0  8 12 11  2 10  3 14  5 15 13  4 16 17 18 19],grp0-012345,grp1-678910111213141516171819,0.36186732544417427,0.3290209709508454
Mallows,KEMENY,0.8,e,0.8412280701754385,0.7440840067328202,[ 5  8  7 10  9  0  1  2  6  3  4 12 11 13 14 15 16 17 18 19],grp0-012345,grp1-678910111213141516171819,0.3190896580519579,0.42883552819935034
Mallows,EPIK,0.8,e,0.830701754,0.900129605,[ 9  8  7 10  5  0  1  2  6  3  4 12 11 13 14 15 16 17 18 19],grp0-012345,grp1-678910111213141516171819,0.362885886,0.326644329
Mallows,FAIRKEMENY,0.8,e,0.8122807017543859,0.8039921044932351,[ 7  8 10  9  6  5  0  1 11 12  2  3 13 14  4 15 16 17 18 19],grp0-012345,grp1-678910111213141516171819,0.37400584890128413,0.3006977495509223
Mallows,EPIRA+Kemeny,0.8,e,0.8403508771929824,0.9404558029406994,[ 8  5  7 10  9  0  1  2  6  3  4 12 11 13 14 15 16 17 18 19],grp0-012345,grp1-678910111213141516171819,0.3454518185111395,0.3673238204612599
Mallows,EPIRA+Copeland,0.8,e,0.8385964912280702,0.9404558029406994,[ 8  5  7 10  9  0  1  2  6  4  3 12 11 13 14 15 16 17 18 19],grp0-012345,grp1-678910111213141516171819,0.3454518185111395,0.3673238204612599
Mallows,EPIRA+Copeland_noWiG,0.8,e,0.8385964912280702,0.9404558029406994,[ 8  5  7 10  9  0  1  2  6  4  3 12 11 13 14 15 16 17 18 19],grp0-012345,grp1-678910111213141516171819,0.3454518185111395,0.3673238204612599
Mallows,EPIRA+Schulze,0.8,e,0.8403508771929824,0.9404558029406994,[ 8  5  7  9 10  0  1  2  6  3  4 11 12 13 14 15 16 17 18 19],grp0-012345,grp1-678910111213141516171819,0.3454518185111395,0.3673238204612599
Mallows,EPIRA+Borda,0.8,e,0.8377192982456141,0.9079991749609476,[ 8  5  7  9  0  1 10  2  6  3  4 11 12 13 14 15 16 17 18 19],grp0-012345,grp1-678910111213141516171819,0.34162899894676746,0.376243732778128
Mallows,EPIRA+Maximin,0.8,e,0.8236842105263158,0.9756104391786489,[ 8  5  7  6  9 10  3  4  0  1  2 12 11 13 14 15 16 17 18 19],grp0-012345,grp1-678910111213141516171819,0.3493930464714281,0.3581276218872531
Mallows,RAPF,0.8,e,0.7385964912280701,0.7599227425623191,[ 1  7 10  2  8  6  0  9 11 12  5 13 16  3 18 14  4 17 19 15],grp0-012345,grp1-678910111213141516171819,0.32153893239197917,0.4231205547393006
Mallows,PRE-FE,0.8,e,0.8385964912280702,0.9737834117583685,[ 8  7  5 10  9  0  1  2  6  3  4 12 11 13 14 15 16 17 18 19],grp0-012345,grp1-678910111213141516171819,0.35480394376624363,0.345502194866017
Mallows,KEMENY,1.0,a,0.9526315789473684,0.49082183651236866,[ 0  1  2  3  4  6  5  7  8  9 10 11 12 13 14 15 16 17 18 19],grp0-012345,grp1-678910111213141516171819,0.26846256640791333,0.546965408702121
Mallows,EPIK,1.0,a,0.888596491,0.90216613,[ 6  7  0  1  2  8  3  4  5  9 10 11 12 13 14 15 16 17 18 19],grp0-012345,grp1-678910111213141516171819,0.340922201,0.377892929
Mallows,FAIRKEMENY,1.0,a,0.769298245614035,0.7922600885363681,[ 6  7  8  9 10  0 11  1  2 12  3  4  5 13 14 15 16 17 18 19],grp0-012345,grp1-678910111213141516171819,0.37540969194643836,0.29742211577889593
Mallows,EPIRA+Kemeny,1.0,a,0.8780701754385964,0.9473573022204071,[ 6  7  0  8  1  2  3  4  5  9 10 11 12 13 14 15 16 17 18 19],grp0-012345,grp1-678910111213141516171819,0.3462414415569932,0.3654813666876012
Mallows,EPIRA+Copeland,1.0,a,0.8780701754385964,0.9473573022204071,[ 6  7  0  8  1  2  3  4  5  9 10 11 12 13 14 15 16 17 18 19],grp0-012345,grp1-678910111213141516171819,0.3462414415569932,0.3654813666876012
Mallows,EPIRA+Copeland_noWiG,1.0,a,0.8491228070175438,0.9473573022204071,[ 6  7  2  8  4  0  5  1  3  9 10 11 12 13 14 15 16 17 18 19],grp0-012345,grp1-678910111213141516171819,0.3462414415569932,0.3654813666876012
Mallows,EPIRA+Schulze,1.0,a,0.8780701754385964,0.9473573022204071,[ 6  7  0  8  1  2  3  4  5  9 10 11 12 13 14 15 16 17 18 19],grp0-012345,grp1-678910111213141516171819,0.3462414415569932,0.3654813666876012
Mallows,EPIRA+Borda,1.0,a,0.8780701754385964,0.9473573022204071,[ 6  7  0  8  1  2  3  4  5  9 10 11 12 13 14 15 16 17 18 19],grp0-012345,grp1-678910111213141516171819,0.3462414415569932,0.3654813666876012
Mallows,EPIRA+Maximin,1.0,a,0.8780701754385964,0.9473573022204071,[ 6  7  0  8  1  2  3  4  5  9 10 11 12 13 14 15 16 17 18 19],grp0-012345,grp1-678910111213141516171819,0.3462414415569932,0.3654813666876012
Mallows,RAPF,1.0,a,0.775438596491228,0.7599227425623191,[ 0  6  7  2  8 12  1 10 11  9  3 13 14  4 16 15  5 17 19 18],grp0-012345,grp1-678910111213141516171819,0.32153893239197917,0.4231205547393006
Mallows,PRE-FE,1.0,a,0.8833333333333333,0.9203988206670547,[ 6  7  0  1  8  2  3  4  5  9 10 11 12 13 14 15 16 17 18 19],grp0-012345,grp1-678910111213141516171819,0.34311117363993243,0.3727853251607431
Mallows,KEMENY,1.0,b,0.900438596491228,0.5377822295310278,[ 0  1  2  6  3  7  8  5  9  4 10 11 12 13 14 15 16 17 18 19],grp0-012345,grp1-678910111213141516171819,0.27985400842956404,0.5203853773182693
Mallows,EPIK,1.0,b,0.878508772,0.90216613,[ 6  7  0  1  2  8  3  4  5  9 10 12 11 13 14 15 16 17 18 19],grp0-012345,grp1-678910111213141516171819,0.340922201,0.377892929
Mallows,FAIRKEMENY,1.0,b,0.7828947368421053,0.7922600885363681,[ 6  7  8  9 10  0 11  1  2 12  3  4  5 13 14 15 16 17 18 19],grp0-012345,grp1-678910111213141516171819,0.37540969194643836,0.29742211577889593
Mallows,EPIRA+Kemeny,1.0,b,0.8793859649122807,0.9092258769586057,[ 6  7  0  1  2  8  3  5  9  4 10 11 12 13 14 15 16 17 18 19],grp0-012345,grp1-678910111213141516171819,0.3417768557270448,0.3758987336241475
Mallows,EPIRA+Copeland,1.0,b,0.8793859649122807,0.9092258769586057,[ 6  7  0  1  2  8  3  5  9  4 10 11 12 13 14 15 16 17 18 19],grp0-012345,grp1-678910111213141516171819,0.3417768557270448,0.3758987336241475
Mallows,EPIRA+Copeland_noWiG,1.0,b,0.8767543859649123,0.9092258769586057,[ 6  7  2  0  1  8  3  5  9  4 10 11 12 13 14 15 16 17 18 19],grp0-012345,grp1-678910111213141516171819,0.3417768557270448,0.3758987336241475
Mallows,EPIRA+Schulze,1.0,b,0.8758771929824561,0.9203988206670547,[ 6  7  0  1  8  2  3  5  4  9 10 11 12 13 14 15 16 17 18 19],grp0-012345,grp1-678910111213141516171819,0.34311117363993243,0.3727853251607431
Mallows,EPIRA+Borda,1.0,b,0.8741228070175439,0.9203988206670547,[ 6  8  0  1  7  2  3  5  4  9 10 11 12 13 14 15 16 17 18 19],grp0-012345,grp1-678910111213141516171819,0.34311117363993243,0.3727853251607431
Mallows,EPIRA+Maximin,1.0,b,0.8758771929824561,0.9276538744144474,[ 6  7  0  1  8  2  3  5  9  4 10 11 12 13 14 15 16 17 18 19],grp0-012345,grp1-678910111213141516171819,0.34396582859322483,0.37079113026972754
Mallows,RAPF,1.0,b,0.7741228070175439,0.7599227425623191,[ 0  6 10  2  7  8  1  9 12 13  5 11 15  3 14 17  4 16 18 19],grp0-012345,grp1-678910111213141516171819,0.32153893239197917,0.4231205547393006
Mallows,PRE-FE,1.0,b,0.8671052631578947,0.9996747426507113,[ 6  7  8  0  1  2  3  5  9  4 10 11 12 13 14 15 16 17 18 19],grp0-012345,grp1-678910111213141516171819,0.35204777093361467,0.3519332648088178
Mallows,KEMENY,1.0,c,0.8934210526315789,0.7341034676169543,[ 0  6  7  8  9  1  2  3  4  5 11 10 12 13 14 15 16 17 18 19],grp0-012345,grp1-678910111213141516171819,0.3175120116224685,0.43251670320149227
Mallows,EPIK,1.0,c,0.887280702,0.926872081,[ 6  0  7  8  9  1  2  3  4  5 10 11 12 13 14 15 16 18 17 19],grp0-012345,grp1-678910111213141516171819,0.343874172,0.371004995
Mallows,FAIRKEMENY,1.0,c,0.8162280701754386,0.7957747294312433,[ 6  7  8  9 11  0  1 10 12  2  3  4  5 13 14 15 16 17 18 19],grp0-012345,grp1-678910111213141516171819,0.37498802857490177,0.29840599697914777
Mallows,EPIRA+Kemeny,1.0,c,0.8890350877192983,0.9268720806633236,[ 6  0  7  8  9  1  2  3  4  5 11 10 12 13 14 15 16 17 18 19],grp0-012345,grp1-678910111213141516171819,0.3438741720816501,0.37100499546340177
Mallows,EPIRA+Copeland,1.0,c,0.8864035087719299,0.9268720806633236,[ 7  0  8  9  6  1  2  4  3  5 11 10 12 13 14 15 16 17 18 19],grp0-012345,grp1-678910111213141516171819,0.3438741720816501,0.37100499546340177
Mallows,EPIRA+Copeland_noWiG,1.0,c,0.8864035087719299,0.9268720806633236,[ 7  0  8  9  6  1  2  4  3  5 11 10 12 13 14 15 16 17 18 19],grp0-012345,grp1-678910111213141516171819,0.3438741720816501,0.37100499546340177
Mallows,EPIRA+Schulze,1.0,c,0.8890350877192983,0.9268720806633236,[ 6  0  7  8  9  1  2  3  4  5 11 10 12 13 14 15 16 17 18 19],grp0-012345,grp1-678910111213141516171819,0.3438741720816501,0.37100499546340177
Mallows,EPIRA+Borda,1.0,c,0.8820175438596491,0.9621458324152466,[ 7  8  0  1  6  9  2  5  3  4 11 10 12 14 13 15 16 17 18 19],grp0-012345,grp1-678910111213141516171819,0.3479070565535135,0.36159493169572077
Mallows,EPIRA+Maximin,1.0,c,0.8741228070175439,0.9092258769586057,[ 7  8  0  1  5  9  2  3  6  4 10 11 12 13 14 15 16 17 18 19],grp0-012345,grp1-678910111213141516171819,0.3417768557270448,0.3758987336241475
Mallows,RAPF,1.0,c,0.7890350877192982,0.7652399828145631,[ 0  6  7  2  9  8  1 10 11 14  3 16 12 13 15  4  5 18 19 17],grp0-012345,grp1-678910111213141516171819,0.3223466097270928,0.4212359742907023
Mallows,PRE-FE,1.0,c,0.8934210526315789,0.7341034676169543,[ 0  6  7  8  9  1  2  3  4  5 11 10 12 13 14 15 16 17 18 19],grp0-012345,grp1-678910111213141516171819,0.3175120116224685,0.43251670320149227
Mallows,KEMENY,1.0,d,0.8057017543859649,0.7814807414222292,[ 0  7  6  8  9  1  2 11 10  5 12  3 13 14 15  4 16 17 19 18],grp0-012345,grp1-678910111213141516171819,0.3247695956156231,0.4155823405507981
Mallows,EPIK,1.0,d,0.802192982,0.976309545,[ 7  0  6  8  9  1  2 11  5 10 12  3 13  4 14 15 16 17 19 18],grp0-012345,grp1-678910111213141516171819,0.349469424,0.357949408
Mallows,FAIRKEMENY,1.0,d,0.7986842105263158,0.8214904040697678,[ 0  7  6  8  9 11  1  2 10 12 13  3 14 15  5  4 16 17 18 19],grp0-012345,grp1-678910111213141516171819,0.3304701053756361,0.40228115111076795
Mallows,EPIRA+Kemeny,1.0,d,0.8021929824561403,0.9916997444420712,[ 7  0  6  8  9  1  2 11 10  5 12  3 13 14 15  4 16 17 19 18],grp0-012345,grp1-678910111213141516171819,0.3511317560748047,0.35407063281270773
Mallows,EPIRA+Copeland,1.0,d,0.7978070175438596,0.9984990644528349,[ 7  0  8  9  6  1  2 11 10 12  5  3 13 15 14  4 16 17 19 18],grp0-012345,grp1-678910111213141516171819,0.3518547475510017,0.3523836527015814
Mallows,EPIRA+Copeland_noWiG,1.0,d,0.7978070175438596,0.9984990644528349,[ 7  0  8  9  6  1  2 11 10 12  5  3 13 15 14  4 16 17 19 18],grp0-012345,grp1-678910111213141516171819,0.3518547475510017,0.3523836527015814
Mallows,EPIRA+Schulze,1.0,d,0.7995614035087719,0.9204659193185047,[ 7  0  6  1  8  9  2  5 11 10 12  3 13  4 14 15 16 17 18 19],grp0-012345,grp1-678910111213141516171819,0.3431191200658903,0.37276678350017467
Mallows,EPIRA+Borda,1.0,d,0.7960526315789473,0.9496434119104717,[ 8  0  9  7  1  2  6 11 10  5 12  3 13  4 14 15 16 17 18 19],grp0-012345,grp1-678910111213141516171819,0.3465012591753191,0.3648751255781741
Mallows,EPIRA+Maximin,1.0,d,0.7741228070175439,0.9154159023225765,[ 9  6  0  1  2  5  7  8  3 10 11  4 12 13 14 15 16 17 18 19],grp0-012345,grp1-678910111213141516171819,0.34251883424401813,0.3741674504178763
Mallows,RAPF,1.0,d,0.7328947368421053,0.7599227425623191,[ 1  7  6  2  8  9  3 11 10 12  5 13 14  0 17 15  4 19 18 16],grp0-012345,grp1-678910111213141516171819,0.32153893239197917,0.4231205547393006
Mallows,PRE-FE,1.0,d,0.8021929824561403,0.9916997444420712,[ 7  0  6  8  9  1  2 11 10  5 12  3 13 14 15  4 16 17 19 18],grp0-012345,grp1-678910111213141516171819,0.3511317560748047,0.35407063281270773
Mallows,KEMENY,1.0,e,0.8614035087719298,0.8348688839194649,[ 7  6  8  9 10  0  1  2  3 11  4  5 12 13 14 15 16 17 18 19],grp0-012345,grp1-678910111213141516171819,0.3703608492109997,0.30920274882825255
Mallows,EPIK,1.0,e,0.84122807,0.937450934,[ 7  8  4 10  6  9  0  1  2  5  3 11 12 13 14 15 16 17 18 19],grp0-012345,grp1-678910111213141516171819,0.358745172,0.336305996
Mallows,FAIRKEMENY,1.0,e,0.8535087719298246,0.7922600885363681,[ 6  7  8  9 10  0 11  1  2 12  3  4  5 13 14 15 16 17 18 19],grp0-012345,grp1-678910111213141516171819,0.37540969194643836,0.29742211577889593
Mallows,EPIRA+Kemeny,1.0,e,0.8552631578947368,0.9252361318144575,[ 7  6  0  8  9 10  1  2  3 11  4  5 12 13 14 15 16 17 18 19],grp0-012345,grp1-678910111213141516171819,0.36008993400443,0.3331682176435821
Mallows,EPIRA+Copeland,1.0,e,0.8552631578947368,0.9317918765675037,[ 7  6  0  8  9 10  1  2  3  4 11  5 12 13 14 15 16 17 18 19],grp0-012345,grp1-678910111213141516171819,0.359366942528233,0.33485519775470846
Mallows,EPIRA+Copeland_noWiG,1.0,e,0.8517543859649123,0.9317918765675037,[ 7  6  0  9 10  8  1  2  3  4 11  5 12 13 14 15 16 17 18 19],grp0-012345,grp1-678910111213141516171819,0.359366942528233,0.33485519775470846
Mallows,EPIRA+Schulze,1.0,e,0.8552631578947368,0.9374509339692876,[ 6  7  0  8  9 10  1  2  4  3  5 11 12 13 14 15 16 17 18 19],grp0-012345,grp1-678910111213141516171819,0.35874517172653225,0.33630599629201013
Mallows,EPIRA+Borda,1.0,e,0.8535087719298246,0.9374509339692876,[ 6  7  0  8  9 10  1  2  5  4  3 11 12 13 14 15 16 17 18 19],grp0-012345,grp1-678910111213141516171819,0.35874517172653225,0.33630599629201013
Mallows,EPIRA+Maximin,1.0,e,0.8307017543859649,0.9842033494108602,[ 6  7  5  8  0  1  4  9 10  3 11  2 12 13 14 15 16 17 18 19],grp0-012345,grp1-678910111213141516171819,0.3503265766787434,0.3559493847368507
Mallows,RAPF,1.0,e,0.775438596491228,0.7599227425623191,[ 0  6  9  1  7 10  2 11  8 14  3 12 15  5 13 18  4 17 16 19],grp0-012345,grp1-678910111213141516171819,0.32153893239197917,0.4231205547393006
Mallows,PRE-FE,1.0,e,0.8614035087719298,0.8348688839194649,[ 7  6  8  9 10  0  1  2  3 11  4  5 12 13 14 15 16 17 18 19],grp0-012345,grp1-678910111213141516171819,0.3703608492109997,0.30920274882825255
